"jahr,quelle,geraetekategorie,neugeraeteabsatz_stk,geraetebestand_stk,verbrauch_neugeraete_kwh,verbrauch_geraetebestand_kwh"
"2002,""FEA"",""Elektroherde und Einbaubacköfen"",268400,2907854,93030925,1327148908"
"2002,""FEA"",""Geschirrspüler"",159274,1751301,36970000,504095655"
"2002,""FEA"",""Kühlschränke"",257100,3959165,72752000,1212396436"
"2002,""FEA"",""Tiefkühlschränke"",82700,1163988,25260000,366785059"
"2002,""FEA"",""Wäschetrockner"",79146,1056823,42260000,644032024"
"2002,""FEA"",""Waschmaschinen"",148709,1702764,44896000,744843173"
"2002,""FEA"",""Waschtrockner"",NA,44681,NA,29218624"
"2002,""SWICO"",""Beamer"",27000,52851,4302451,8484575"
"2002,""SWICO"",""Drucker"",634000,2982454,33145255,212058106"
"2002,""SWICO"",""Fernsehgeräte"",382000,4091283,53543902,604045579"
"2002,""SWICO"",""Laptops"",319000,1489335,15890525,71251703"
"2002,""SWICO"",""Monitore"",660000,4403273,56336209,510377829"
"2002,""SWICO"",""Personal Computer"",627000,4350953,69387666,557891584"
"2002,""SWICO"",""Server (Small Scale)"",49000,163487,65170000,211088850"
"2002,""SWICO"",""Settop-Boxen"",110000,355500,14532694,57456326"
"2002,""SWICO"",""USV"",59000,219944,23789298,94263079"
"2002,""SWICO"",""Video/DVD/Blu-Ray"",430300,2646763,18129241,131596891"
"2003,""FEA"",""Elektroherde und Einbaubacköfen"",268196,2935680,91121806,1325789909"
"2003,""FEA"",""Geschirrspüler"",162281,1803652,37482420,504234609"
"2003,""FEA"",""Kühlschränke"",268594,4004895,73613553,1216633347"
"2003,""FEA"",""Tiefkühlschränke"",86168,1246412,25573900,392006498"
"2003,""FEA"",""Wäschetrockner"",77159,1096202,38443550,682291079"
"2003,""FEA"",""Waschmaschinen"",148481,1731625,44755115,749013393"
"2003,""FEA"",""Waschtrockner"",6248,47753,3527018,31176402"
"2003,""SWICO"",""Beamer"",35000,86743,5056838,13372171"
"2003,""SWICO"",""Drucker"",714000,3344636,33742725,214575876"
"2003,""SWICO"",""Fernsehgeräte"",359450,4039237,51649081,599276644"
"2003,""SWICO"",""Laptops"",420000,1720546,23054950,85477487"
"2003,""SWICO"",""Monitore"",740000,4386501,47897569,459382376"
"2003,""SWICO"",""Personal Computer"",697000,4293074,73384500,519379602"
"2003,""SWICO"",""Server (Small Scale)"",58000,185308,84842400,249675500"
"2003,""SWICO"",""Settop-Boxen"",90000,429300,9768276,64132287"
"2003,""SWICO"",""USV"",61000,230163,23977339,96744649"
"2003,""SWICO"",""Video/DVD/Blu-Ray"",509200,2787390,19748506,129667103"
"2004,""FEA"",""Elektroherde und Einbaubacköfen"",291269,2964520,97632855,1324838744"
"2004,""FEA"",""Geschirrspüler"",172466,1855649,39608922,504300717"
"2004,""FEA"",""Kühlschränke"",258903,4041558,68379010,1217335306"
"2004,""FEA"",""Tiefkühlschränke"",90167,1312525,25427649,410765585"
"2004,""FEA"",""Wäschetrockner"",86828,1144158,42987730,721348066"
"2004,""FEA"",""Waschmaschinen"",157900,1769982,46426883,752084713"
"2004,""FEA"",""Waschtrockner"",7102,50837,3927028,33060341"
"2004,""SWICO"",""Beamer"",38000,120390,4328726,16999995"
"2004,""SWICO"",""Drucker"",768000,3808631,33352063,222074884"
"2004,""SWICO"",""Fernsehgeräte"",377500,4008125,54568475,591966576"
"2004,""SWICO"",""Laptops"",518000,2019430,31492706,106883027"
"2004,""SWICO"",""Monitore"",800000,4414424,44251481,408337364"
"2004,""SWICO"",""Personal Computer"",789000,4337111,94209243,511108493"
"2004,""SWICO"",""Server (Small Scale)"",67000,211301,97726200,294365361"
"2004,""SWICO"",""Settop-Boxen"",95000,497100,8115337,67247398"
"2004,""SWICO"",""USV"",65000,241838,24940826,99398968"
"2004,""SWICO"",""Video/DVD/Blu-Ray"",551000,2933573,22030992,129366027"
"2005,""FEA"",""Elektroherde und Einbaubacköfen"",299947,2992235,98364138,1323381586"
"2005,""FEA"",""Geschirrspüler"",178620,1907314,40883454,504664382"
"2005,""FEA"",""Kühlschränke"",264605,4083730,66719995,1217144802"
"2005,""FEA"",""Tiefkühlschränke"",91598,1400560,24576275,435140925"
"2005,""FEA"",""Wäschetrockner"",94424,1199017,51508670,768031429"
"2005,""FEA"",""Waschmaschinen"",157561,1805712,48078700,757172016"
"2005,""FEA"",""Waschtrockner"",5745,53933,3463898,35383697"
"2005,""SWICO"",""Beamer"",43000,152452,3795269,19010526"
"2005,""SWICO"",""Drucker"",763000,4266403,30713916,228404530"
"2005,""SWICO"",""Fernsehgeräte"",437500,4038597,70654417,604553365"
"2005,""SWICO"",""Laptops"",658000,2429617,42004904,137323313"
"2005,""SWICO"",""Monitore"",854300,4499773,45751487,361319382"
"2005,""SWICO"",""Personal Computer"",834000,4448312,106785875,524356905"
"2005,""SWICO"",""Server (Small Scale)"",70000,234790,98924000,331396203"
"2005,""SWICO"",""Settop-Boxen"",95000,550500,5964100,65929940"
"2005,""SWICO"",""USV"",68000,253894,24816517,101399808"
"2005,""SWICO"",""Video/DVD/Blu-Ray"",570500,3049798,20991356,126549110"
"2006,""FEA"",""Elektroherde und Einbaubacköfen"",311379,3019808,100675775,1321550382"
"2006,""FEA"",""Geschirrspüler"",185253,1954264,42243435,504298132"
"2006,""FEA"",""Kühlschränke"",276017,4110931,68327353,1211342730"
"2006,""FEA"",""Tiefkühlschränke"",90651,1470970,23917935,453776442"
"2006,""FEA"",""Wäschetrockner"",99373,1257766,52815765,798513608"
"2006,""FEA"",""Waschmaschinen"",164330,1845458,49787760,760680029"
"2006,""FEA"",""Waschtrockner"",6394,56930,3936658,37715523"
"2006,""SWICO"",""Beamer"",50000,182168,3157870,18955524"
"2006,""SWICO"",""Drucker"",773000,4654749,27047582,227705566"
"2006,""SWICO"",""Fernsehgeräte"",490000,4117046,92315923,623056919"
"2006,""SWICO"",""Laptops"",649000,2799388,42723734,166506361"
"2006,""SWICO"",""Monitore"",759500,4501908,39482626,314226682"
"2006,""SWICO"",""Personal Computer"",724000,4461333,88481937,525479543"
"2006,""SWICO"",""Server (Small Scale)"",74500,256721,92403095,351434384"
"2006,""SWICO"",""Settop-Boxen"",238000,730700,16834055,73249576"
"2006,""SWICO"",""USV"",71500,266730,25500831,103523003"
"2006,""SWICO"",""Video/DVD/Blu-Ray"",597000,3145812,19994848,121736457"
"2007,""FEA"",""Elektroherde und Einbaubacköfen"",318717,3055951,100882780,1323713683"
"2007,""FEA"",""Geschirrspüler"",192508,2007132,43847995,506288518"
"2007,""FEA"",""Kühlschränke"",274743,4146614,65955185,1206539617"
"2007,""FEA"",""Tiefkühlschränke"",97307,1539333,24568635,470403679"
"2007,""FEA"",""Wäschetrockner"",100778,1317263,56629665,836992133"
"2007,""FEA"",""Waschmaschinen"",169333,1887074,50796630,767469345"
"2007,""FEA"",""Waschtrockner"",6110,60122,4027565,40519592"
"2007,""SWICO"",""Beamer"",50000,202947,2330220,16905065"
"2007,""SWICO"",""Drucker"",884000,5027901,25974620,220379963"
"2007,""SWICO"",""Fernsehgeräte"",570600,4265383,123107864,677307320"
"2007,""SWICO"",""Laptops"",799000,3280516,42250417,192564939"
"2007,""SWICO"",""Monitore"",791000,4549671,37799782,272855182"
"2007,""SWICO"",""Personal Computer"",695000,4442429,77257326,518844292"
"2007,""SWICO"",""Server (Small Scale)"",71000,268914,75114095,344103517"
"2007,""SWICO"",""Settop-Boxen"",430000,987200,29215861,78127645"
"2007,""SWICO"",""USV"",75100,280272,26086673,105700217"
"2007,""SWICO"",""Video/DVD/Blu-Ray"",564000,3200316,17381388,116025653"
"2008,""FEA"",""Elektroherde und Einbaubacköfen"",318743,3108434,99405821,1332862737"
"2008,""FEA"",""Geschirrspüler"",196027,2068715,44678080,511375334"
"2008,""FEA"",""Kühlschränke"",279222,4200424,64391323,1204184923"
"2008,""FEA"",""Tiefkühlschränke"",96481,1625724,22994515,491107783"
"2008,""FEA"",""Wäschetrockner"",105810,1379830,56180375,876821479"
"2008,""FEA"",""Waschmaschinen"",175340,1932085,48475930,773118380"
"2008,""FEA"",""Waschtrockner"",6338,63611,4068143,43469844"
"2008,""SWICO"",""Beamer"",48500,215791,2097123,14335099"
"2008,""SWICO"",""Drucker"",759000,5161983,16900299,199924101"
"2008,""SWICO"",""Fernsehgeräte"",658000,4453951,148224037,758173921"
"2008,""SWICO"",""Laptops"",994000,3903588,29330201,201897109"
"2008,""SWICO"",""Monitore"",710000,4525403,31299821,244637871"
"2008,""SWICO"",""Personal Computer"",726000,4447788,71987706,508194370"
"2008,""SWICO"",""Server (Small Scale)"",71000,275453,69856372,324965887"
"2008,""SWICO"",""Settop-Boxen"",370000,1193400,26602383,85399108"
"2008,""SWICO"",""USV"",78600,294199,26554017,107894087"
"2008,""SWICO"",""Video/DVD/Blu-Ray"",488000,3193662,11616717,106628294"
"2009,""FEA"",""Elektroherde und Einbaubacköfen"",311299,3162364,95630596,1343404386"
"2009,""FEA"",""Geschirrspüler"",196369,2135172,44211835,518034904"
"2009,""FEA"",""Kühlschränke"",272749,4262834,61450615,1203662384"
"2009,""FEA"",""Tiefkühlschränke"",100835,1704278,23451845,508508989"
"2009,""FEA"",""Wäschetrockner"",102617,1438078,52619190,912413659"
"2009,""FEA"",""Waschmaschinen"",174417,1973018,46566510,777030195"
"2009,""FEA"",""Waschtrockner"",6441,67294,4037938,46342914"
"2009,""SWICO"",""Beamer"",43000,218767,1667839,11845320"
"2009,""SWICO"",""Drucker"",719000,5178445,13389662,174784562"
"2009,""SWICO"",""Fernsehgeräte"",725000,4598090,120459701,797720049"
"2009,""SWICO"",""Laptops"",1155000,4614036,30453029,206881859"
"2009,""SWICO"",""Monitore"",670000,4452266,22973208,215154178"
"2009,""SWICO"",""Personal Computer"",632000,4346701,55669254,479244544"
"2009,""SWICO"",""Server (Small Scale)"",56000,262973,47844580,283128853"
"2009,""SWICO"",""Settop-Boxen"",531252,1554500,42233260,113850159"
"2009,""SWICO"",""Slate Computer (Tablets)"",12480,12480,179733,179733"
"2009,""SWICO"",""USV"",82500,308722,27200491,110247510"
"2009,""SWICO"",""Video/DVD/Blu-Ray"",450000,3136292,8921832,95377760"
"2010,""FEA"",""Elektroherde und Einbaubacköfen"",326187,3206548,98707806,1349407203"
"2010,""FEA"",""Geschirrspüler"",210520,2199213,46877505,524411752"
"2010,""FEA"",""Kühlschränke"",291092,4314399,62646627,1196473742"
"2010,""FEA"",""Tiefkühlschränke"",99918,1776989,22409485,523266374"
"2010,""FEA"",""Wäschetrockner"",112767,1505838,55767620,945727515"
"2010,""FEA"",""Waschmaschinen"",181612,2018545,46802085,778175275"
"2010,""FEA"",""Waschtrockner"",7514,70944,4669860,49215340"
"2010,""SWICO"",""Beamer"",52000,225623,2614188,10903893"
"2010,""SWICO"",""Drucker"",746000,5180239,13507055,151159772"
"2010,""SWICO"",""Fernsehgeräte"",865000,4876464,126634621,810608691"
"2010,""SWICO"",""Laptops"",1412000,5491912,35474960,210506640"
"2010,""SWICO"",""Monitore"",670000,4381182,35872566,208179333"
"2010,""SWICO"",""Personal Computer"",701000,4299953,61384944,452112192"
"2010,""SWICO"",""Server (Small Scale)"",58000,250905,39920131,238374471"
"2010,""SWICO"",""Settop-Boxen"",435743,1794100,36550425,136783631"
"2010,""SWICO"",""Slate Computer (Tablets)"",133000,145447,1663764,1843071"
"2010,""SWICO"",""USV"",86600,323924,27851497,112733360"
"2010,""SWICO"",""Video/DVD/Blu-Ray"",480000,3076611,9023786,84044241"
"2011,""FEA"",""Elektroherde und Einbaubacköfen"",326873,3250584,98119830,1356256000"
"2011,""FEA"",""Geschirrspüler"",210647,2264348,46170920,531204724"
"2011,""FEA"",""Kühlschränke"",294560,4371678,61094789,1188960816"
"2011,""FEA"",""Tiefkühlschränke"",103316,1809390,21614255,524140690"
"2011,""FEA"",""Wäschetrockner"",115536,1574601,46965685,962041017"
"2011,""FEA"",""Waschmaschinen"",184028,2063194,46150570,777926769"
"2011,""FEA"",""Waschtrockner"",8193,74259,4166018,50717418"
"2011,""SWICO"",""Beamer"",59000,235453,2821791,10833144"
"2011,""SWICO"",""Drucker"",787000,5214609,18613647,135969181"
"2011,""SWICO"",""Fernsehgeräte"",878000,5152400,98522801,773386275"
"2011,""SWICO"",""Laptops"",1374000,6236435,31187198,204694103"
"2011,""SWICO"",""Monitore"",702830,4294503,36872216,205353510"
"2011,""SWICO"",""Personal Computer"",697000,4247986,58356499,420775176"
"2011,""SWICO"",""Server (Small Scale)"",65000,247253,47318419,210490037"
"2011,""SWICO"",""Settop-Boxen"",390936,1899000,32178908,148879522"
"2011,""SWICO"",""Slate Computer (Tablets)"",416000,560753,4400382,6234930"
"2011,""SWICO"",""USV"",90900,339894,28626019,115412603"
"2011,""SWICO"",""Video/DVD/Blu-Ray"",460000,2974848,8272141,71997331"
"2012,""FEA"",""Elektroherde und Einbaubacköfen"",339068,3294836,100212565,1365094549"
"2012,""FEA"",""Geschirrspüler"",216208,2330521,47684599,539627811"
"2012,""FEA"",""Kühlschränke"",297916,4429224,58925996,1178543078"
"2012,""FEA"",""Tiefkühlschränke"",101586,1842096,20611025,524778238"
"2012,""FEA"",""Wäschetrockner"",109252,1633992,32227700,965314816"
"2012,""FEA"",""Waschmaschinen"",184168,2104485,37262992,765540731"
"2012,""FEA"",""Waschtrockner"",9619,77638,4470955,51606314"
"2012,""SWICO"",""Beamer"",66000,252332,3154600,11684377"
"2012,""SWICO"",""Drucker"",790000,5256972,17358740,123721024"
"2012,""SWICO"",""Fernsehgeräte"",838500,5245080,86677818,739253885"
"2012,""SWICO"",""Laptops"",1095000,6602179,22575647,188386717"
"2012,""SWICO"",""Monitore"",674000,4174805,36151389,204612911"
"2012,""SWICO"",""Personal Computer"",672000,4187722,53940481,389180598"
"2012,""SWICO"",""Server (Small Scale)"",55000,236657,37242948,183649197"
"2012,""SWICO"",""Settop-Boxen"",400487,2110700,32333548,167771129"
"2012,""SWICO"",""Slate Computer (Tablets)"",834000,1389594,8363369,14536130"
"2012,""SWICO"",""USV"",95445,356734,29512306,118359323"
"2012,""SWICO"",""Video/DVD/Blu-Ray"",395500,2807607,7014023,62185280"
"2013,""FEA"",""Elektroherde und Einbaubacköfen"",343505,3339279,100153798,1374639705"
"2013,""FEA"",""Geschirrspüler"",217343,2397720,45745501,546640631"
"2013,""FEA"",""Kühlschränke"",303360,4487008,52982775,1160745710"
"2013,""FEA"",""Tiefkühlschränke"",89498,1875092,15971270,524032964"
"2013,""FEA"",""Wäschetrockner"",117912,1700053,32722880,967255004"
"2013,""FEA"",""Waschmaschinen"",196108,2155672,38302593,752556440"
"2013,""FEA"",""Waschtrockner"",10607,81082,4713858,52169663"
"2013,""SWICO"",""Beamer"",64000,269186,3059006,12726083"
"2013,""SWICO"",""Drucker"",764000,5264876,15220610,113457778"
"2013,""SWICO"",""Fernsehgeräte"",763000,5319455,66599427,698433821"
"2013,""SWICO"",""Laptops"",973000,6741073,22363673,173756898"
"2013,""SWICO"",""Monitore"",559000,3927080,27347256,201001592"
"2013,""SWICO"",""Personal Computer"",633000,4122401,53061297,365292456"
"2013,""SWICO"",""Server (Small Scale)"",55000,228838,29892431,159054928"
"2013,""SWICO"",""Settop-Boxen"",660259,2579700,45792822,199531486"
"2013,""SWICO"",""Slate Computer (Tablets)"",1097000,2466569,9445938,23736067"
"2013,""SWICO"",""USV"",95000,369269,28791880,120156094"
"2013,""SWICO"",""Video/DVD/Blu-Ray"",324000,2590759,4668715,51095738"
"2014,""FEA"",""Elektroherde und Einbaubacköfen"",349985,3391829,101753753,1386976778"
"2014,""FEA"",""Geschirrspüler"",222740,2470874,45172750,553782081"
"2014,""FEA"",""Kühlschränke"",305986,4555408,52721083,1144830202"
"2014,""FEA"",""Tiefkühlschränke"",83155,1912061,14074105,523925279"
"2014,""FEA"",""Wäschetrockner"",124948,1770675,25438110,958630510"
"2014,""FEA"",""Waschmaschinen"",194774,2202479,37161654,740304289"
"2014,""FEA"",""Waschtrockner"",13083,84818,5347737,52089487"
"2014,""SWICO"",""Beamer"",48000,269743,2294254,12934709"
"2014,""SWICO"",""Drucker"",698000,5186624,13221021,104841314"
"2014,""SWICO"",""Fernsehgeräte"",834500,5543547,68767929,640463946"
"2014,""SWICO"",""Laptops"",1018000,6834532,22969255,164062507"
"2014,""SWICO"",""Monitore"",514000,3633458,25185402,200572996"
"2014,""SWICO"",""Personal Computer"",648000,4123365,54586271,353738743"
"2014,""SWICO"",""Server (Small Scale)"",53000,221149,29529016,141325650"
"2014,""SWICO"",""Settop-Boxen"",528346,2875500,37171423,218969715"
"2014,""SWICO"",""Slate Computer (Tablets)"",1015000,3422628,6173839,29180503"
"2014,""SWICO"",""USV"",95000,377809,28156736,120777107"
"2014,""SWICO"",""Video/DVD/Blu-Ray"",282000,2367324,3775378,42704498"
"2015,""FEA"",""Elektroherde und Einbaubacköfen"",347304,3443877,100982212,1399246631"
"2015,""FEA"",""Geschirrspüler"",229235,2543462,45799373,560657747"
"2015,""FEA"",""Kühlschränke"",327169,4620680,56398172,1127605564"
"2015,""FEA"",""Kaffeemaschinen"",728686,NA,38767656,NA"
"2015,""FEA"",""Tiefkühlschränke"",79435,1948030,13401630,523631328"
"2015,""FEA"",""Wäschetrockner"",127551,1840742,22535517,945829910"
"2015,""FEA"",""Waschmaschinen"",205384,2258001,37019128,725828785"
"2015,""FEA"",""Waschtrockner"",13334,88561,5447549,52143765"
"2015,""SWICO"",""Beamer"",40000,255575,1911879,12229879"
"2015,""SWICO"",""Drucker"",669000,5065134,10283321,95896139"
"2015,""SWICO"",""Fernsehgeräte"",738900,5640491,64338871,598935694"
"2015,""SWICO"",""Laptops"",939000,6798344,20920127,156744822"
"2015,""SWICO"",""Monitore"",452000,3337068,23344083,198934883"
"2015,""SWICO"",""Personal Computer"",517000,4049735,43683879,341498632"
"2015,""SWICO"",""Server (Small Scale)"",52000,214265,31456620,131119236"
"2015,""SWICO"",""Settop-Boxen"",518722,3096400,35235415,230862797"
"2015,""SWICO"",""Slate Computer (Tablets)"",826000,4106104,5031513,32491361"
"2015,""SWICO"",""USV"",93000,380684,26993941,119812313"
"2015,""SWICO"",""Video/DVD/Blu-Ray"",235000,2126902,3191195,35570294"
"2016,""FEA"",""Dunstabzugshauben"",157733,NA,16275471,NA"
"2016,""FEA"",""Elektroherde und Einbaubacköfen"",351034,3492912,101041089,1410081751"
"2016,""FEA"",""Geschirrspüler"",231896,2605586,46158840,565207774"
"2016,""FEA"",""Kühlschränke"",305758,4686620,52922552,1113602745"
"2016,""FEA"",""Kaffeemaschinen"",592307,NA,31904847,NA"
"2016,""FEA"",""Staubsauger"",453521,NA,17113767,NA"
"2016,""FEA"",""Tiefkühlschränke"",71630,1945004,11978140,513244759"
"2016,""FEA"",""Wäschetrockner"",137109,1917722,22892065,919527256"
"2016,""FEA"",""Waschmaschinen"",201059,2305324,36028552,709255228"
"2016,""FEA"",""Waschtrockner"",11734,96165,4800187,54427899"
"2016,""SWICO"",""Beamer"",39000,233816,1981082,11292912"
"2016,""SWICO"",""Drucker"",640000,4908160,9538195,87348023"
"2016,""SWICO"",""Fernsehgeräte"",647050,5589311,65755744,557708428"
"2016,""SWICO"",""Laptops"",910000,6692334,19617097,150569729"
"2016,""SWICO"",""Monitore"",447000,3087729,22465613,194838144"
"2016,""SWICO"",""Personal Computer"",493000,3969681,41126886,331835225"
"2016,""SWICO"",""Server (Small Scale)"",54000,211276,32666490,126684956"
"2016,""SWICO"",""Settop-Boxen"",415039,3139400,26637889,227990616"
"2016,""SWICO"",""Slate Computer (Tablets)"",686000,4507035,4184440,33445510"
"2016,""SWICO"",""USV"",99000,386904,28185639,119488115"
"2016,""SWICO"",""Video/DVD/Blu-Ray"",183000,1854138,2410789,29302581"
"2017,""FEA"",""Dunstabzugshauben"",156621,NA,13141197,NA"
"2017,""FEA"",""Elektroherde und Einbaubacköfen"",353589,3539029,101213049,1419868099"
"2017,""FEA"",""Geschirrspüler"",237507,2665615,46236235,568675660"
"2017,""FEA"",""Kühlschränke"",303135,4748388,50627073,1097425234"
"2017,""FEA"",""Kaffeemaschinen"",598437,NA,29723765,NA"
"2017,""FEA"",""Staubsauger"",432813,NA,15324169,NA"
"2017,""FEA"",""Tiefkühlschränke"",66003,1939139,10954025,502485981"
"2017,""FEA"",""Wäschetrockner"",133919,1987392,21652595,893392809"
"2017,""FEA"",""Waschmaschinen"",199082,2346697,35713263,693083064"
"2017,""FEA"",""Waschtrockner"",13477,103850,5394498,56342928"
"2017,""SWICO"",""Beamer"",33000,203313,1676300,9933753"
"2017,""SWICO"",""Drucker"",607000,4717444,8549178,78180312"
"2017,""SWICO"",""Fernsehgeräte"",496500,5326670,57707064,512869620"
"2017,""SWICO"",""Laptops"",965000,6561155,20767255,145401470"
"2017,""SWICO"",""Monitore"",496620,2927801,23261884,185135175"
"2017,""SWICO"",""Personal Computer"",470000,3820618,35437005,314412823"
"2017,""SWICO"",""Server (Small Scale)"",48000,204090,29364540,122238019"
"2017,""SWICO"",""Settop-Boxen"",436330,3150700,24806388,219206100"
"2017,""SWICO"",""Slate Computer (Tablets)"",753000,4784069,5175072,33735294"
"2017,""SWICO"",""USV"",94000,386817,26282348,117582328"
"2017,""SWICO"",""Video/DVD/Blu-Ray"",138000,1562320,1779740,23196599"
"2018,""FEA"",""Dunstabzugshauben"",156284,NA,11422607,NA"
"2018,""FEA"",""Elektroherde und Einbaubacköfen"",359923,3579540,101553688,1427027668"
"2018,""FEA"",""Geschirrspüler"",238511,2721885,45993711,571332522"
"2018,""FEA"",""Kühlschränke"",305426,4802438,51361114,1081119570"
"2018,""FEA"",""Kaffeemaschinen"",526518,NA,26828470,NA"
"2018,""FEA"",""Staubsauger"",419775,NA,14083147,NA"
"2018,""FEA"",""Tiefkühlschränke"",63921,1929298,10412305,490584878"
"2018,""FEA"",""Wäschetrockner"",137891,2057358,22196601,865456388"
"2018,""FEA"",""Waschmaschinen"",204219,2390415,36205924,675500006"
"2018,""FEA"",""Waschtrockner"",12968,111531,5163757,58243907"
"2018,""SWICO"",""Beamer"",35000,180692,1777894,8957094"
"2018,""SWICO"",""Drucker"",575000,4507056,8073679,69349012"
"2018,""SWICO"",""Fernsehgeräte"",454000,4979646,57339634,451658449"
"2018,""SWICO"",""Laptops"",945000,6354398,20424523,139647030"
"2018,""SWICO"",""Monitore"",555500,2872048,23934944,171498127"
"2018,""SWICO"",""Personal Computer"",451000,3603176,34149436,292572407"
"2018,""SWICO"",""Router / Modems"",NA,3611,NA,309000000"
"2018,""SWICO"",""Server (Small Scale)"",49000,199293,29976301,120172716"
"2018,""SWICO"",""Settop-Boxen"",403747,3093600,18596757,202182564"
"2018,""SWICO"",""Slate Computer (Tablets)"",697000,4806371,4807814,32407343"
"2018,""SWICO"",""USV"",109000,401145,30475238,119403954"
"2018,""SWICO"",""Video/DVD/Blu-Ray"",100500,1277516,1282336,17948737"
"2019,""FEA"",""Dunstabzugshauben"",151081,NA,9982906,NA"
"2019,""FEA"",""Elektroherde und Einbaubacköfen"",355066,3623854,99939900,1434213471"
"2019,""FEA"",""Geschirrspüler"",242249,2779727,46404671,573967558"
"2019,""FEA"",""Kühlschränke"",304539,4860630,50849711,1066671852"
"2019,""FEA"",""Kaffeemaschinen"",486465,NA,21993666,NA"
"2019,""FEA"",""Staubsauger"",387435,NA,13815680,NA"
"2019,""FEA"",""Tiefkühlschränke"",60592,1918936,9898495,478700499"
"2019,""FEA"",""Wäschetrockner"",139189,2124318,21760144,836660078"
"2019,""FEA"",""Waschmaschinen"",214370,2443458,37924681,658788578"
"2019,""FEA"",""Waschtrockner"",14327,119568,5609096,60119164"
"2019,""SWICO"",""Beamer"",36000,170182,1828691,8555554"
"2019,""SWICO"",""Drucker"",554000,4300988,7690743,61733632"
"2019,""SWICO"",""Fernsehgeräte"",464445,4631177,62629182,396738552"
"2019,""SWICO"",""Laptops"",1027000,6272006,22329084,137300184"
"2019,""SWICO"",""Monitore"",627000,2944032,25104979,159982633"
"2019,""SWICO"",""Personal Computer"",500000,3440441,35113683,272688764"
"2019,""SWICO"",""Router / Modems"",NA,3648,NA,314000000"
"2019,""SWICO"",""Server (Small Scale)"",58000,204767,35482153,124391284"
"2019,""SWICO"",""Settop-Boxen"",600481,3205600,26203077,191994710"
"2019,""SWICO"",""Slate Computer (Tablets)"",693000,4677298,4815401,30614719"
"2019,""SWICO"",""USV"",126000,431826,34954872,125405077"
"2019,""SWICO"",""Video/DVD/Blu-Ray"",79600,1026681,1001852,13677063"
"2020,""FEA"",""Dunstabzugshauben"",151870,NA,9143214,NA"
"2020,""FEA"",""Elektroherde und Einbaubacköfen"",366343,3675918,102501244,1506676931"
"2020,""FEA"",""Geschirrspüler"",262531,2841730,49103113,588204223"
"2020,""FEA"",""Kühlschränke"",322721,4927943,54216762,1078270494"
"2020,""FEA"",""Kaffeemaschinen"",493202,NA,22368866,NA"
"2020,""FEA"",""Staubsauger"",402360,NA,14830283,NA"
"2020,""FEA"",""Tiefkühlschränke"",74704,1909593,11945735,465471382"
"2020,""FEA"",""Wäschetrockner"",143798,2191425,22255389,805949305"
"2020,""FEA"",""Waschmaschinen"",219609,2502815,38702341,642854738"
"2020,""FEA"",""Waschtrockner"",14401,128126,5557464,62014817"
"2020,""SWICO"",""Beamer"",40800,170903,2242040,8838578"
"2020,""SWICO"",""Drucker"",578000,4148597,8081370,56468582"
"2020,""SWICO"",""Fernsehgeräte"",582700,4416469,85188180,394764093"
"2020,""SWICO"",""Laptops"",1172000,6409411,25514589,139901624"
"2020,""SWICO"",""Monitore"",882000,3321917,32152680,149952337"
"2020,""SWICO"",""Personal Computer"",448000,3264793,30136330,251096134"
"2020,""SWICO"",""Router / Modems"",NA,3755,NA,320000000"
"2020,""SWICO"",""Server (Small Scale)"",55000,208183,33646869,127011735"
"2020,""SWICO"",""Settop-Boxen"",515252,3214800,17747707,173622112"
"2020,""SWICO"",""Slate Computer (Tablets)"",808000,4608715,6095422,30389204"
"2020,""SWICO"",""USV"",121000,455464,33425090,130264024"
"2020,""SWICO"",""Video/DVD/Blu-Ray"",76000,825140,964695,10929412"
"2021,""FEA"",""Dunstabzugshauben"",159393,NA,9320182,NA"
"2021,""FEA"",""Elektroherde und Einbaubacköfen"",389569,3724635,107366891,1452845788"
"2021,""FEA"",""Geschirrspüler"",275921,2895866,46720044,577365094"
"2021,""FEA"",""Kühlschränke"",321661,4970795,56246186,1048907458"
"2021,""FEA"",""Kaffeemaschinen"",469677,NA,20860897,NA"
"2021,""FEA"",""Staubsauger"",423539,NA,20223987,NA"
"2021,""FEA"",""Tiefkühlschränke"",64607,1907202,11229105,455210621"
"2021,""FEA"",""Wäschetrockner"",147921,2257493,22689630,770049351"
"2021,""FEA"",""Waschmaschinen"",217927,2563461,34281885,623409702"
"2021,""FEA"",""Waschtrockner"",14548,135131,5571722,63330868"
"2021,""SWICO"",""Beamer"",45600,179552,2503994,9477838"
"2021,""SWICO"",""Drucker"",509000,3959054,6720460,51651093"
"2021,""SWICO"",""Fernsehgeräte"",526542,4181661,83381082,413446682"
"2021,""SWICO"",""Laptops"",1018000,6440339,21920398,139950435"
"2021,""SWICO"",""Monitore"",845000,3690589,33278852,143843282"
"2021,""SWICO"",""Personal Computer"",394000,3078137,28600586,231579852"
"2021,""SWICO"",""Router / Modems"",NA,3769,NA,321000000"
"2021,""SWICO"",""Server (Small Scale)"",50000,206502,30588063,126219642"
"2021,""SWICO"",""Settop-Boxen"",458164,3168100,15661715,154901697"
"2021,""SWICO"",""Slate Computer (Tablets)"",714000,4473030,5553456,30269070"
"2021,""SWICO"",""USV"",115000,468163,31789511,133053912"
"2021,""SWICO"",""Video/DVD/Blu-Ray"",61200,657290,772048,8680123"
